{"cameraMode":{"drawMode":0,"name":"Shaded","section":"Shading Mode"},"sceneLighting":false,"audioPlay":false,"sceneViewState":{"m_AlwaysRefresh":false,"showFog":true,"showSkybox":false,"showFlares":true,"showImageEffects":true,"showParticleSystems":true,"showVisualEffectGraphs":true,"m_FxEnabled":true},"in2DMode":false,"pivot":{"x":-2.423222064971924,"y":-0.010099204257130623,"z":0.016524726524949075},"rotation":{"x":0.28820374608039858,"y":0.030992239713668824,"z":-0.009474685415625573,"w":0.9570635557174683},"size":10.449999809265137,"orthographic":false}